<?xml version="1.0" encoding="UTF-8"?>
<export version="D">
  <design>
    <source>C:\Users\gmaur\Documents\KiCad Projects\MPPT_1KW_ESP32_ggmV3\MPPT_1KW_ESP32_ggmV3.sch</source>
    <date>9/28/2022 2:16:42 PM</date>
    <tool>Eeschema (5.1.10)-1</tool>
    <sheet number="1" name="/" tstamps="/">
      <title_block>
        <title>MPPT V3</title>
        <company>g2m</company>
        <rev>3.0</rev>
        <date>2022-09-28</date>
        <source>MPPT_1KW_ESP32_ggmV3.sch</source>
        <comment number="1" value=""/>
        <comment number="2" value=""/>
        <comment number="3" value=""/>
        <comment number="4" value=""/>
      </title_block>
    </sheet>
    <sheet number="2" name="/Sheet2/" tstamps="/62FAA9B9/">
      <title_block>
        <title>MPPT V3</title>
        <company>g2m</company>
        <rev>3.0</rev>
        <date>2022-09-28</date>
        <source>MPPT_esp32.sch</source>
        <comment number="1" value=""/>
        <comment number="2" value=""/>
        <comment number="3" value=""/>
        <comment number="4" value=""/>
      </title_block>
    </sheet>
    <sheet number="3" name="/XL7015/" tstamps="/631E4422/">
      <title_block>
        <title>MPPT V3</title>
        <company>g2m</company>
        <rev>3.0</rev>
        <date>2022-09-28</date>
        <source>XL7015.sch</source>
        <comment number="1" value=""/>
        <comment number="2" value=""/>
        <comment number="3" value=""/>
        <comment number="4" value=""/>
      </title_block>
    </sheet>
  </design>
  <components>
    <comp ref="U3">
      <value>AMS1117-5.0</value>
      <footprint>Package_TO_SOT_SMD:SOT-223-3_TabPin2</footprint>
      <datasheet>http://www.advanced-monolithic.com/pdf/ds1117.pdf</datasheet>
      <libsource lib="Regulator_Linear" part="AMS1117-5.0" description="1A Low Dropout regulator, positive, 5.0V fixed output, SOT-223"/>
      <sheetpath names="/" tstamps="/"/>
      <tstamp>614670CB</tstamp>
    </comp>
    <comp ref="R31">
      <value>10k</value>
      <footprint>Resistor_SMD:R_0805_2012Metric_Pad1.20x1.40mm_HandSolder</footprint>
      <datasheet>~</datasheet>
      <libsource lib="Device" part="R_Small_US" description="Resistor, small US symbol"/>
      <sheetpath names="/" tstamps="/"/>
      <tstamp>6148D7E0</tstamp>
    </comp>
    <comp ref="C20">
      <value>100nF</value>
      <footprint>Capacitor_SMD:C_0805_2012Metric_Pad1.18x1.45mm_HandSolder</footprint>
      <datasheet>~</datasheet>
      <libsource lib="Device" part="C_Small" description="Unpolarized capacitor, small symbol"/>
      <sheetpath names="/" tstamps="/"/>
      <tstamp>614A7BB0</tstamp>
    </comp>
    <comp ref="U1">
      <value>ACS712xLCTR-30A</value>
      <footprint>Package_SO:SOIC-8_3.9x4.9mm_P1.27mm</footprint>
      <datasheet>http://www.allegromicro.com/~/media/Files/Datasheets/ACS712-Datasheet.ashx?la=en</datasheet>
      <libsource lib="Sensor_Current" part="ACS712xLCTR-30A" description="±30A Bidirectional Hall-Effect Current Sensor, +5.0V supply, 66mV/A, SOIC-8"/>
      <sheetpath names="/" tstamps="/"/>
      <tstamp>614B891C</tstamp>
    </comp>
    <comp ref="D8">
      <value>1N4007</value>
      <footprint>Diode_SMD:D_2010_5025Metric_Pad1.52x2.65mm_HandSolder</footprint>
      <datasheet>http://www.vishay.com/docs/88503/1n4001.pdf</datasheet>
      <libsource lib="Diode" part="1N4007" description="1000V 1A General Purpose Rectifier Diode, DO-41"/>
      <sheetpath names="/" tstamps="/"/>
      <tstamp>614CA13E</tstamp>
    </comp>
    <comp ref="D4">
      <value>1N4007</value>
      <footprint>Diode_SMD:D_2010_5025Metric_Pad1.52x2.65mm_HandSolder</footprint>
      <datasheet>http://www.vishay.com/docs/88503/1n4001.pdf</datasheet>
      <libsource lib="Diode" part="1N4007" description="1000V 1A General Purpose Rectifier Diode, DO-41"/>
      <sheetpath names="/" tstamps="/"/>
      <tstamp>614D2C9D</tstamp>
    </comp>
    <comp ref="R4">
      <value>10k</value>
      <footprint>Resistor_SMD:R_0805_2012Metric_Pad1.20x1.40mm_HandSolder</footprint>
      <datasheet>~</datasheet>
      <libsource lib="Device" part="R_Small_US" description="Resistor, small US symbol"/>
      <sheetpath names="/" tstamps="/"/>
      <tstamp>614F674A</tstamp>
    </comp>
    <comp ref="R3">
      <value>3.3k</value>
      <footprint>Resistor_SMD:R_0805_2012Metric_Pad1.20x1.40mm_HandSolder</footprint>
      <datasheet>~</datasheet>
      <libsource lib="Device" part="R_Small_US" description="Resistor, small US symbol"/>
      <sheetpath names="/" tstamps="/"/>
      <tstamp>614F756F</tstamp>
    </comp>
    <comp ref="R5">
      <value>1k</value>
      <footprint>Resistor_SMD:R_0805_2012Metric_Pad1.20x1.40mm_HandSolder</footprint>
      <datasheet>~</datasheet>
      <libsource lib="Device" part="R_Small_US" description="Resistor, small US symbol"/>
      <sheetpath names="/" tstamps="/"/>
      <tstamp>61517467</tstamp>
    </comp>
    <comp ref="U7">
      <value>IR2104</value>
      <footprint>Package_SO:SOIC-8_3.9x4.9mm_P1.27mm</footprint>
      <datasheet>https://www.infineon.com/dgdl/ir2104.pdf?fileId=5546d462533600a4015355c7c1c31671</datasheet>
      <libsource lib="Driver_FET" part="IR2104" description="Half-Bridge Driver, 600V, 210/360mA, PDIP-8/SOIC-8"/>
      <sheetpath names="/" tstamps="/"/>
      <tstamp>61539AD5</tstamp>
    </comp>
    <comp ref="D3">
      <value>SS310</value>
      <footprint>Diode_SMD:D_2010_5025Metric_Pad1.52x2.65mm_HandSolder</footprint>
      <datasheet>~</datasheet>
      <libsource lib="Device" part="D_Schottky_Small" description="Schottky diode, small symbol"/>
      <sheetpath names="/" tstamps="/"/>
      <tstamp>6159A140</tstamp>
    </comp>
    <comp ref="R1">
      <value>200k</value>
      <footprint>Resistor_SMD:R_0805_2012Metric_Pad1.20x1.40mm_HandSolder</footprint>
      <datasheet>~</datasheet>
      <libsource lib="Device" part="R_Small_US" description="Resistor, small US symbol"/>
      <sheetpath names="/" tstamps="/"/>
      <tstamp>615A3F38</tstamp>
    </comp>
    <comp ref="R2">
      <value>5.1k</value>
      <footprint>Resistor_SMD:R_0805_2012Metric_Pad1.20x1.40mm_HandSolder</footprint>
      <datasheet>~</datasheet>
      <libsource lib="Device" part="R_Small_US" description="Resistor, small US symbol"/>
      <sheetpath names="/" tstamps="/"/>
      <tstamp>615A48A0</tstamp>
    </comp>
    <comp ref="C1">
      <value>100nF</value>
      <footprint>Capacitor_SMD:C_0805_2012Metric_Pad1.18x1.45mm_HandSolder</footprint>
      <datasheet>~</datasheet>
      <libsource lib="Device" part="C_Small" description="Unpolarized capacitor, small symbol"/>
      <sheetpath names="/" tstamps="/"/>
      <tstamp>615BD9D5</tstamp>
    </comp>
    <comp ref="C7">
      <value>470uF</value>
      <footprint>Capacitor_THT:CP_Radial_D16.0mm_P7.50mm</footprint>
      <datasheet>~</datasheet>
      <libsource lib="MPPT_1KW_ESP32_ggmV2-rescue" part="C_Polarized_Small-Device-MPPT_1KW_ESP32_ggm-rescue" description=""/>
      <sheetpath names="/" tstamps="/"/>
      <tstamp>615DC5A6</tstamp>
    </comp>
    <comp ref="R20">
      <value>10k</value>
      <footprint>Resistor_SMD:R_0805_2012Metric_Pad1.20x1.40mm_HandSolder</footprint>
      <datasheet>~</datasheet>
      <libsource lib="Device" part="R_Small_US" description="Resistor, small US symbol"/>
      <sheetpath names="/" tstamps="/"/>
      <tstamp>615F0917</tstamp>
    </comp>
    <comp ref="R13">
      <value>10k</value>
      <footprint>Resistor_SMD:R_0805_2012Metric_Pad1.20x1.40mm_HandSolder</footprint>
      <datasheet>~</datasheet>
      <libsource lib="Device" part="R_Small_US" description="Resistor, small US symbol"/>
      <sheetpath names="/" tstamps="/"/>
      <tstamp>615F14E2</tstamp>
    </comp>
    <comp ref="C11">
      <value>100nF</value>
      <footprint>Capacitor_SMD:C_0805_2012Metric_Pad1.18x1.45mm_HandSolder</footprint>
      <datasheet>~</datasheet>
      <libsource lib="Device" part="C_Small" description="Unpolarized capacitor, small symbol"/>
      <sheetpath names="/" tstamps="/"/>
      <tstamp>61619DE9</tstamp>
    </comp>
    <comp ref="R11">
      <value>100k</value>
      <footprint>Resistor_SMD:R_0805_2012Metric_Pad1.20x1.40mm_HandSolder</footprint>
      <datasheet>~</datasheet>
      <libsource lib="Device" part="R_Small_US" description="Resistor, small US symbol"/>
      <sheetpath names="/" tstamps="/"/>
      <tstamp>616A7562</tstamp>
    </comp>
    <comp ref="R8">
      <value>100k</value>
      <footprint>Resistor_SMD:R_0805_2012Metric_Pad1.20x1.40mm_HandSolder</footprint>
      <datasheet>~</datasheet>
      <libsource lib="Device" part="R_Small_US" description="Resistor, small US symbol"/>
      <sheetpath names="/" tstamps="/"/>
      <tstamp>616A841C</tstamp>
    </comp>
    <comp ref="R9">
      <value>100</value>
      <footprint>Resistor_SMD:R_0805_2012Metric_Pad1.20x1.40mm_HandSolder</footprint>
      <datasheet>~</datasheet>
      <libsource lib="Device" part="R_Small_US" description="Resistor, small US symbol"/>
      <sheetpath names="/" tstamps="/"/>
      <tstamp>616A9389</tstamp>
    </comp>
    <comp ref="R10">
      <value>100</value>
      <footprint>Resistor_SMD:R_0805_2012Metric_Pad1.20x1.40mm_HandSolder</footprint>
      <datasheet>~</datasheet>
      <libsource lib="Device" part="R_Small_US" description="Resistor, small US symbol"/>
      <sheetpath names="/" tstamps="/"/>
      <tstamp>616AA30D</tstamp>
    </comp>
    <comp ref="D2">
      <value>SS310</value>
      <footprint>Diode_SMD:D_2010_5025Metric_Pad1.52x2.65mm_HandSolder</footprint>
      <datasheet>~</datasheet>
      <libsource lib="Device" part="D_Schottky_Small" description="Schottky diode, small symbol"/>
      <sheetpath names="/" tstamps="/"/>
      <tstamp>616AAF81</tstamp>
    </comp>
    <comp ref="D1">
      <value>SS310</value>
      <footprint>Diode_SMD:D_2010_5025Metric_Pad1.52x2.65mm_HandSolder</footprint>
      <datasheet>~</datasheet>
      <libsource lib="Device" part="D_Schottky_Small" description="Schottky diode, small symbol"/>
      <sheetpath names="/" tstamps="/"/>
      <tstamp>616B8183</tstamp>
    </comp>
    <comp ref="R7">
      <value>10k</value>
      <footprint>Resistor_SMD:R_0805_2012Metric_Pad1.20x1.40mm_HandSolder</footprint>
      <datasheet>~</datasheet>
      <libsource lib="Device" part="R_Small_US" description="Resistor, small US symbol"/>
      <sheetpath names="/" tstamps="/"/>
      <tstamp>617A13C4</tstamp>
    </comp>
    <comp ref="R37">
      <value>10k</value>
      <footprint>Resistor_SMD:R_0805_2012Metric_Pad1.20x1.40mm_HandSolder</footprint>
      <datasheet>~</datasheet>
      <libsource lib="Device" part="R_Small_US" description="Resistor, small US symbol"/>
      <sheetpath names="/" tstamps="/"/>
      <tstamp>617DEC3A</tstamp>
    </comp>
    <comp ref="U2">
      <value>B1212</value>
      <footprint>ESP32:B1212S</footprint>
      <libsource lib="MPPT_1KW_ESP32_ggmV2-rescue" part="B1212-Custom-MPPT_1KW_ESP32_ggm-rescue" description=""/>
      <sheetpath names="/" tstamps="/"/>
      <tstamp>61800808</tstamp>
    </comp>
    <comp ref="D52">
      <value>LED2</value>
      <footprint>LED_SMD:LED_0805_2012Metric_Pad1.15x1.40mm_HandSolder</footprint>
      <datasheet>~</datasheet>
      <libsource lib="Device" part="LED_Small" description="Light emitting diode, small symbol"/>
      <sheetpath names="/" tstamps="/"/>
      <tstamp>618640CF</tstamp>
    </comp>
    <comp ref="R6">
      <value>10k</value>
      <footprint>Resistor_SMD:R_0805_2012Metric_Pad1.20x1.40mm_HandSolder</footprint>
      <datasheet>~</datasheet>
      <libsource lib="Device" part="R_Small_US" description="Resistor, small US symbol"/>
      <sheetpath names="/" tstamps="/"/>
      <tstamp>618B4705</tstamp>
    </comp>
    <comp ref="C4">
      <value>100nF</value>
      <footprint>Capacitor_SMD:C_0805_2012Metric_Pad1.18x1.45mm_HandSolder</footprint>
      <datasheet>~</datasheet>
      <libsource lib="Device" part="C_Small" description="Unpolarized capacitor, small symbol"/>
      <sheetpath names="/" tstamps="/"/>
      <tstamp>6191A1C4</tstamp>
    </comp>
    <comp ref="C3">
      <value>100nF</value>
      <footprint>Capacitor_SMD:C_0805_2012Metric_Pad1.18x1.45mm_HandSolder</footprint>
      <datasheet>~</datasheet>
      <libsource lib="Device" part="C_Small" description="Unpolarized capacitor, small symbol"/>
      <sheetpath names="/" tstamps="/"/>
      <tstamp>619516B1</tstamp>
    </comp>
    <comp ref="L1">
      <value>60uH</value>
      <footprint>Inductor_THT:L_Toroid_Vertical_L41.9mm_W17.8mm_P12.70mm_Pulse_F</footprint>
      <datasheet>~</datasheet>
      <libsource lib="Device" part="L" description="Inductor"/>
      <sheetpath names="/" tstamps="/"/>
      <tstamp>6198C742</tstamp>
    </comp>
    <comp ref="C8">
      <value>470uF</value>
      <footprint>Capacitor_THT:CP_Radial_D16.0mm_P7.50mm</footprint>
      <datasheet>~</datasheet>
      <libsource lib="MPPT_1KW_ESP32_ggmV2-rescue" part="C_Polarized_Small-Device-MPPT_1KW_ESP32_ggm-rescue" description=""/>
      <sheetpath names="/" tstamps="/"/>
      <tstamp>619B3EF4</tstamp>
    </comp>
    <comp ref="F2">
      <value>35A</value>
      <footprint>ESP32:Mini_Blade</footprint>
      <datasheet>~</datasheet>
      <libsource lib="Device" part="Fuse_Small" description="Fuse, small symbol"/>
      <sheetpath names="/" tstamps="/"/>
      <tstamp>619EF67B</tstamp>
    </comp>
    <comp ref="R32">
      <value>47k</value>
      <footprint>Resistor_SMD:R_0805_2012Metric_Pad1.20x1.40mm_HandSolder</footprint>
      <datasheet>~</datasheet>
      <libsource lib="Device" part="R_Small_US" description="Resistor, small US symbol"/>
      <sheetpath names="/" tstamps="/"/>
      <tstamp>61A1877A</tstamp>
    </comp>
    <comp ref="R34">
      <value>1k</value>
      <footprint>Resistor_SMD:R_0805_2012Metric_Pad1.20x1.40mm_HandSolder</footprint>
      <datasheet>~</datasheet>
      <libsource lib="Device" part="R_Small_US" description="Resistor, small US symbol"/>
      <sheetpath names="/" tstamps="/"/>
      <tstamp>61A19769</tstamp>
    </comp>
    <comp ref="R33">
      <value>47k</value>
      <footprint>Resistor_SMD:R_0805_2012Metric_Pad1.20x1.40mm_HandSolder</footprint>
      <datasheet>~</datasheet>
      <libsource lib="Device" part="R_Small_US" description="Resistor, small US symbol"/>
      <sheetpath names="/" tstamps="/"/>
      <tstamp>61A1A510</tstamp>
    </comp>
    <comp ref="C13">
      <value>100nF</value>
      <footprint>Capacitor_SMD:C_0805_2012Metric_Pad1.18x1.45mm_HandSolder</footprint>
      <datasheet>~</datasheet>
      <libsource lib="Device" part="C_Small" description="Unpolarized capacitor, small symbol"/>
      <sheetpath names="/" tstamps="/"/>
      <tstamp>61A1B3A1</tstamp>
    </comp>
    <comp ref="C5">
      <value>4.7uF</value>
      <footprint>Capacitor_SMD:C_1206_3216Metric_Pad1.33x1.80mm_HandSolder</footprint>
      <datasheet>~</datasheet>
      <libsource lib="Device" part="C_Small" description="Unpolarized capacitor, small symbol"/>
      <sheetpath names="/" tstamps="/"/>
      <tstamp>61CD7C7B</tstamp>
    </comp>
    <comp ref="C6">
      <value>4.7uF</value>
      <footprint>Capacitor_SMD:C_1206_3216Metric_Pad1.33x1.80mm_HandSolder</footprint>
      <datasheet>~</datasheet>
      <libsource lib="Device" part="C_Small" description="Unpolarized capacitor, small symbol"/>
      <sheetpath names="/" tstamps="/"/>
      <tstamp>61CDA274</tstamp>
    </comp>
    <comp ref="C2">
      <value>2.2uF</value>
      <footprint>Capacitor_SMD:C_0805_2012Metric_Pad1.18x1.45mm_HandSolder</footprint>
      <datasheet>~</datasheet>
      <libsource lib="Device" part="C_Small" description="Unpolarized capacitor, small symbol"/>
      <sheetpath names="/" tstamps="/"/>
      <tstamp>61CDBE6F</tstamp>
    </comp>
    <comp ref="C9">
      <value>2.2uF</value>
      <footprint>Capacitor_SMD:C_0805_2012Metric_Pad1.18x1.45mm_HandSolder</footprint>
      <datasheet>~</datasheet>
      <libsource lib="Device" part="C_Small" description="Unpolarized capacitor, small symbol"/>
      <sheetpath names="/" tstamps="/"/>
      <tstamp>61CF8A93</tstamp>
    </comp>
    <comp ref="C10">
      <value>4.7uF</value>
      <footprint>Capacitor_SMD:C_1206_3216Metric_Pad1.33x1.80mm_HandSolder</footprint>
      <datasheet>~</datasheet>
      <libsource lib="Device" part="C_Small" description="Unpolarized capacitor, small symbol"/>
      <sheetpath names="/" tstamps="/"/>
      <tstamp>61CFF0F6</tstamp>
    </comp>
    <comp ref="Q3">
      <value>CSD19505</value>
      <footprint>Package_TO_SOT_THT:TO-220-3_Vertical</footprint>
      <datasheet>~</datasheet>
      <libsource lib="Device" part="Q_NMOS_GDS" description="N-MOSFET transistor, gate/drain/source"/>
      <sheetpath names="/" tstamps="/"/>
      <tstamp>61D15B91</tstamp>
    </comp>
    <comp ref="Q2">
      <value>CSD19505</value>
      <footprint>Package_TO_SOT_THT:TO-220-3_Vertical</footprint>
      <datasheet>~</datasheet>
      <libsource lib="Device" part="Q_NMOS_GDS" description="N-MOSFET transistor, gate/drain/source"/>
      <sheetpath names="/" tstamps="/"/>
      <tstamp>61D201FE</tstamp>
    </comp>
    <comp ref="Q1">
      <value>CSD19505</value>
      <footprint>Package_TO_SOT_THT:TO-220-3_Vertical</footprint>
      <datasheet>~</datasheet>
      <libsource lib="Device" part="Q_NMOS_GDS" description="N-MOSFET transistor, gate/drain/source"/>
      <sheetpath names="/" tstamps="/"/>
      <tstamp>61D21303</tstamp>
    </comp>
    <comp ref="Q4">
      <value>Si2306</value>
      <footprint>Package_TO_SOT_SMD:SOT-23</footprint>
      <datasheet>https://www.infineon.com/dgdl/irlml0030pbf.pdf?fileId=5546d462533600a401535664773825df</datasheet>
      <libsource lib="Transistor_FET" part="IRLML0030" description="5.3A Id, 30V Vds, 27mOhm Rds, N-Channel HEXFET Power MOSFET, SOT-23"/>
      <sheetpath names="/" tstamps="/"/>
      <tstamp>62C0D070</tstamp>
    </comp>
    <comp ref="J2">
      <value>Interface</value>
      <footprint>Connector_JST:JST_XH_B8B-XH-A_1x08_P2.50mm_Vertical</footprint>
      <datasheet>~</datasheet>
      <libsource lib="Connector_Generic" part="Conn_01x08" description="Generic connector, single row, 01x08, script generated (kicad-library-utils/schlib/autogen/connector/)"/>
      <sheetpath names="/" tstamps="/"/>
      <tstamp>631E3208</tstamp>
    </comp>
    <comp ref="J1">
      <value>Solar-Battery</value>
      <footprint>ESP32:Conn-Screw-4-term</footprint>
      <libsource lib="MPPT_1KW_ESP32_ggmV2-rescue" part="Screw_Terminal_01x04-Connector_Custom-MPPT_1KW_ESP32_ggm-rescue" description=""/>
      <sheetpath names="/" tstamps="/"/>
      <tstamp>6328B66F</tstamp>
    </comp>
    <comp ref="F1">
      <value>35A</value>
      <footprint>ESP32:Mini_Blade</footprint>
      <datasheet>~</datasheet>
      <libsource lib="Device" part="Fuse_Small" description="Fuse, small symbol"/>
      <sheetpath names="/" tstamps="/"/>
      <tstamp>614D92CB</tstamp>
    </comp>
    <comp ref="R38">
      <value>10k</value>
      <footprint>Resistor_SMD:R_0805_2012Metric_Pad1.20x1.40mm_HandSolder</footprint>
      <datasheet>~</datasheet>
      <libsource lib="Device" part="R_Small_US" description="Resistor, small US symbol"/>
      <sheetpath names="/" tstamps="/"/>
      <tstamp>636410E0</tstamp>
    </comp>
    <comp ref="R39">
      <value>0</value>
      <footprint>Resistor_SMD:R_0805_2012Metric_Pad1.20x1.40mm_HandSolder</footprint>
      <datasheet>~</datasheet>
      <libsource lib="Device" part="R_Small_US" description="Resistor, small US symbol"/>
      <sheetpath names="/" tstamps="/"/>
      <tstamp>63641C9C</tstamp>
    </comp>
    <comp ref="H1">
      <value>MountingHole</value>
      <footprint>MountingHole:MountingHole_2.7mm</footprint>
      <datasheet>~</datasheet>
      <libsource lib="Mechanical" part="MountingHole" description="Mounting Hole without connection"/>
      <sheetpath names="/" tstamps="/"/>
      <tstamp>630712E8</tstamp>
    </comp>
    <comp ref="H2">
      <value>MountingHole</value>
      <footprint>MountingHole:MountingHole_2.7mm</footprint>
      <datasheet>~</datasheet>
      <libsource lib="Mechanical" part="MountingHole" description="Mounting Hole without connection"/>
      <sheetpath names="/" tstamps="/"/>
      <tstamp>63071E28</tstamp>
    </comp>
    <comp ref="H3">
      <value>MountingHole</value>
      <footprint>MountingHole:MountingHole_2.7mm</footprint>
      <datasheet>~</datasheet>
      <libsource lib="Mechanical" part="MountingHole" description="Mounting Hole without connection"/>
      <sheetpath names="/" tstamps="/"/>
      <tstamp>630725F0</tstamp>
    </comp>
    <comp ref="H4">
      <value>MountingHole</value>
      <footprint>MountingHole:MountingHole_2.7mm</footprint>
      <datasheet>~</datasheet>
      <libsource lib="Mechanical" part="MountingHole" description="Mounting Hole without connection"/>
      <sheetpath names="/" tstamps="/"/>
      <tstamp>63072DC4</tstamp>
    </comp>
    <comp ref="R16">
      <value>47k</value>
      <footprint>Resistor_SMD:R_0805_2012Metric_Pad1.20x1.40mm_HandSolder</footprint>
      <datasheet>~</datasheet>
      <libsource lib="Device" part="R_Small_US" description="Resistor, small US symbol"/>
      <sheetpath names="/" tstamps="/"/>
      <tstamp>63034BFA</tstamp>
    </comp>
    <comp ref="R17">
      <value>47k</value>
      <footprint>Resistor_SMD:R_0805_2012Metric_Pad1.20x1.40mm_HandSolder</footprint>
      <datasheet>~</datasheet>
      <libsource lib="Device" part="R_Small_US" description="Resistor, small US symbol"/>
      <sheetpath names="/" tstamps="/"/>
      <tstamp>63035C2A</tstamp>
    </comp>
    <comp ref="R15">
      <value>1k</value>
      <footprint>Resistor_SMD:R_0805_2012Metric_Pad1.20x1.40mm_HandSolder</footprint>
      <datasheet>~</datasheet>
      <libsource lib="Device" part="R_Small_US" description="Resistor, small US symbol"/>
      <sheetpath names="/" tstamps="/"/>
      <tstamp>6303675A</tstamp>
    </comp>
    <comp ref="C17">
      <value>100nF</value>
      <footprint>Capacitor_SMD:C_0805_2012Metric_Pad1.18x1.45mm_HandSolder</footprint>
      <datasheet>~</datasheet>
      <libsource lib="Device" part="C_Small" description="Unpolarized capacitor, small symbol"/>
      <sheetpath names="/" tstamps="/"/>
      <tstamp>6303740A</tstamp>
    </comp>
    <comp ref="J5">
      <value>ADS1015 Module</value>
      <footprint>Connector_JST:JST_XH_B10B-XH-A_1x10_P2.50mm_Vertical</footprint>
      <datasheet>~</datasheet>
      <libsource lib="Connector_Generic" part="Conn_01x10" description="Generic connector, single row, 01x10, script generated (kicad-library-utils/schlib/autogen/connector/)"/>
      <sheetpath names="/" tstamps="/"/>
      <tstamp>634C05FC</tstamp>
    </comp>
    <comp ref="D5">
      <value>SS310</value>
      <footprint>Diode_SMD:D_2010_5025Metric_Pad1.52x2.65mm_HandSolder</footprint>
      <datasheet>~</datasheet>
      <libsource lib="Device" part="D_Schottky_Small" description="Schottky diode, small symbol"/>
      <sheetpath names="/" tstamps="/"/>
      <tstamp>6322A6B6</tstamp>
    </comp>
    <comp ref="D6">
      <value>SS310</value>
      <footprint>Diode_SMD:D_2010_5025Metric_Pad1.52x2.65mm_HandSolder</footprint>
      <datasheet>~</datasheet>
      <libsource lib="Device" part="D_Schottky_Small" description="Schottky diode, small symbol"/>
      <sheetpath names="/" tstamps="/"/>
      <tstamp>631EA81A</tstamp>
    </comp>
    <comp ref="J8">
      <value>5V</value>
      <footprint>Connector_JST:JST_XH_B2B-XH-A_1x02_P2.50mm_Vertical</footprint>
      <datasheet>~</datasheet>
      <libsource lib="Connector_Generic" part="Conn_01x02" description="Generic connector, single row, 01x02, script generated (kicad-library-utils/schlib/autogen/connector/)"/>
      <sheetpath names="/" tstamps="/"/>
      <tstamp>632AFDFF</tstamp>
    </comp>
    <comp ref="R25">
      <value>10k</value>
      <footprint>Resistor_SMD:R_0805_2012Metric_Pad1.20x1.40mm_HandSolder</footprint>
      <datasheet>~</datasheet>
      <libsource lib="Device" part="R_Small_US" description="Resistor, small US symbol"/>
      <sheetpath names="/Sheet2/" tstamps="/62FAA9B9/"/>
      <tstamp>62FC3A52</tstamp>
    </comp>
    <comp ref="R26">
      <value>10k</value>
      <footprint>Resistor_SMD:R_0805_2012Metric_Pad1.20x1.40mm_HandSolder</footprint>
      <datasheet>~</datasheet>
      <libsource lib="Device" part="R_Small_US" description="Resistor, small US symbol"/>
      <sheetpath names="/Sheet2/" tstamps="/62FAA9B9/"/>
      <tstamp>62FC4959</tstamp>
    </comp>
    <comp ref="R27">
      <value>10k</value>
      <footprint>Resistor_SMD:R_0805_2012Metric_Pad1.20x1.40mm_HandSolder</footprint>
      <datasheet>~</datasheet>
      <libsource lib="Device" part="R_Small_US" description="Resistor, small US symbol"/>
      <sheetpath names="/Sheet2/" tstamps="/62FAA9B9/"/>
      <tstamp>62FC4E9B</tstamp>
    </comp>
    <comp ref="R28">
      <value>10k</value>
      <footprint>Resistor_SMD:R_0805_2012Metric_Pad1.20x1.40mm_HandSolder</footprint>
      <datasheet>~</datasheet>
      <libsource lib="Device" part="R_Small_US" description="Resistor, small US symbol"/>
      <sheetpath names="/Sheet2/" tstamps="/62FAA9B9/"/>
      <tstamp>62FC54A4</tstamp>
    </comp>
    <comp ref="R29">
      <value>10k</value>
      <footprint>Resistor_SMD:R_0805_2012Metric_Pad1.20x1.40mm_HandSolder</footprint>
      <datasheet>~</datasheet>
      <libsource lib="Device" part="R_Small_US" description="Resistor, small US symbol"/>
      <sheetpath names="/Sheet2/" tstamps="/62FAA9B9/"/>
      <tstamp>62FC6587</tstamp>
    </comp>
    <comp ref="R30">
      <value>10k</value>
      <footprint>Resistor_SMD:R_0805_2012Metric_Pad1.20x1.40mm_HandSolder</footprint>
      <datasheet>~</datasheet>
      <libsource lib="Device" part="R_Small_US" description="Resistor, small US symbol"/>
      <sheetpath names="/Sheet2/" tstamps="/62FAA9B9/"/>
      <tstamp>62FC6950</tstamp>
    </comp>
    <comp ref="R36">
      <value>10k</value>
      <footprint>Resistor_SMD:R_0805_2012Metric_Pad1.20x1.40mm_HandSolder</footprint>
      <datasheet>~</datasheet>
      <libsource lib="Device" part="R_Small_US" description="Resistor, small US symbol"/>
      <sheetpath names="/Sheet2/" tstamps="/62FAA9B9/"/>
      <tstamp>62FCB90B</tstamp>
    </comp>
    <comp ref="D51">
      <value>LED1</value>
      <footprint>LED_SMD:LED_0805_2012Metric_Pad1.15x1.40mm_HandSolder</footprint>
      <datasheet>~</datasheet>
      <libsource lib="Device" part="LED" description="Light emitting diode"/>
      <sheetpath names="/Sheet2/" tstamps="/62FAA9B9/"/>
      <tstamp>62FCC04F</tstamp>
    </comp>
    <comp ref="R12">
      <value>10k</value>
      <footprint>Resistor_SMD:R_0805_2012Metric_Pad1.20x1.40mm_HandSolder</footprint>
      <datasheet>~</datasheet>
      <libsource lib="Device" part="R_Small_US" description="Resistor, small US symbol"/>
      <sheetpath names="/Sheet2/" tstamps="/62FAA9B9/"/>
      <tstamp>62FD1F30</tstamp>
    </comp>
    <comp ref="J3">
      <value>10k Thermistor</value>
      <footprint>Connector_JST:JST_XH_B2B-XH-A_1x02_P2.50mm_Vertical</footprint>
      <datasheet>~</datasheet>
      <libsource lib="Connector_Generic" part="Conn_01x02" description="Generic connector, single row, 01x02, script generated (kicad-library-utils/schlib/autogen/connector/)"/>
      <sheetpath names="/Sheet2/" tstamps="/62FAA9B9/"/>
      <tstamp>632A0D37</tstamp>
    </comp>
    <comp ref="Q5">
      <value>Si2306DS</value>
      <footprint>Package_TO_SOT_SMD:SOT-23</footprint>
      <datasheet>~</datasheet>
      <libsource lib="Device" part="Q_NMOS_GSD" description="N-MOSFET transistor, gate/source/drain"/>
      <sheetpath names="/Sheet2/" tstamps="/62FAA9B9/"/>
      <tstamp>632A6855</tstamp>
    </comp>
    <comp ref="J4">
      <value>Conn_01x02</value>
      <footprint>Connector_JST:JST_XH_B2B-XH-A_1x02_P2.50mm_Vertical</footprint>
      <datasheet>~</datasheet>
      <libsource lib="Connector_Generic" part="Conn_01x02" description="Generic connector, single row, 01x02, script generated (kicad-library-utils/schlib/autogen/connector/)"/>
      <sheetpath names="/Sheet2/" tstamps="/62FAA9B9/"/>
      <tstamp>632A7B36</tstamp>
    </comp>
    <comp ref="R14">
      <value>10k</value>
      <footprint>Resistor_SMD:R_0805_2012Metric_Pad1.20x1.40mm_HandSolder</footprint>
      <datasheet>~</datasheet>
      <libsource lib="Device" part="R_Small_US" description="Resistor, small US symbol"/>
      <sheetpath names="/Sheet2/" tstamps="/62FAA9B9/"/>
      <tstamp>632A8083</tstamp>
    </comp>
    <comp ref="C12">
      <value>100nF</value>
      <footprint>Capacitor_SMD:C_0805_2012Metric_Pad1.18x1.45mm_HandSolder</footprint>
      <datasheet>~</datasheet>
      <libsource lib="Device" part="C_Small" description="Unpolarized capacitor, small symbol"/>
      <sheetpath names="/Sheet2/" tstamps="/62FAA9B9/"/>
      <tstamp>6337D4B0</tstamp>
    </comp>
    <comp ref="J6">
      <value>TFT</value>
      <footprint>Connector_JST:JST_XH_B5B-XH-A_1x05_P2.50mm_Vertical</footprint>
      <datasheet>~</datasheet>
      <libsource lib="Connector_Generic" part="Conn_01x05" description="Generic connector, single row, 01x05, script generated (kicad-library-utils/schlib/autogen/connector/)"/>
      <sheetpath names="/Sheet2/" tstamps="/62FAA9B9/"/>
      <tstamp>6320CB8A</tstamp>
    </comp>
    <comp ref="U8">
      <value>ESP-WROOM-32S</value>
      <footprint>ESP32-Footprints:ESP-WROOM-32S</footprint>
      <libsource lib="MPPT_1KW_ESP32_ggmV2-rescue" part="ESP-WROOM-32S-ESP32-DEVKITC-MPPT_1KW_ESP32_ggm-rescue" description=""/>
      <sheetpath names="/Sheet2/" tstamps="/62FAA9B9/"/>
      <tstamp>62FC2754</tstamp>
    </comp>
    <comp ref="U5">
      <value>XL7015</value>
      <footprint>Package_TO_SOT_SMD:TO-252-5_TabPin3</footprint>
      <libsource lib="MPPT_1KW_ESP32-rescue" part="XL7015" description=""/>
      <sheetpath names="/XL7015/" tstamps="/631E4422/"/>
      <tstamp>631BB978</tstamp>
    </comp>
    <comp ref="L3">
      <value>100uH/1A</value>
      <footprint>Inductor_SMD:L_Taiyo-Yuden_NR-60xx_HandSoldering</footprint>
      <datasheet>~</datasheet>
      <libsource lib="Device" part="L_Small" description="Inductor, small symbol"/>
      <sheetpath names="/XL7015/" tstamps="/631E4422/"/>
      <tstamp>631BD23D</tstamp>
    </comp>
    <comp ref="D9">
      <value>SS310</value>
      <footprint>Diode_SMD:D_2010_5025Metric_Pad1.52x2.65mm_HandSolder</footprint>
      <datasheet>~</datasheet>
      <libsource lib="Device" part="D_Schottky_Small" description="Schottky diode, small symbol"/>
      <sheetpath names="/XL7015/" tstamps="/631E4422/"/>
      <tstamp>631BEF7C</tstamp>
    </comp>
    <comp ref="R21">
      <value>18k</value>
      <footprint>Resistor_SMD:R_0805_2012Metric_Pad1.20x1.40mm_HandSolder</footprint>
      <datasheet>~</datasheet>
      <libsource lib="Device" part="R_Small_US" description="Resistor, small US symbol"/>
      <sheetpath names="/XL7015/" tstamps="/631E4422/"/>
      <tstamp>631BF8D1</tstamp>
    </comp>
    <comp ref="R22">
      <value>2000</value>
      <footprint>Resistor_SMD:R_0805_2012Metric_Pad1.20x1.40mm_HandSolder</footprint>
      <datasheet>~</datasheet>
      <libsource lib="Device" part="R_Small_US" description="Resistor, small US symbol"/>
      <sheetpath names="/XL7015/" tstamps="/631E4422/"/>
      <tstamp>631BFF87</tstamp>
    </comp>
    <comp ref="C18">
      <value>33nF</value>
      <footprint>Capacitor_SMD:C_0805_2012Metric_Pad1.18x1.45mm_HandSolder</footprint>
      <datasheet>~</datasheet>
      <libsource lib="Device" part="C_Small" description="Unpolarized capacitor, small symbol"/>
      <sheetpath names="/XL7015/" tstamps="/631E4422/"/>
      <tstamp>631C038B</tstamp>
    </comp>
    <comp ref="C21">
      <value>100uF/35V</value>
      <footprint>Capacitor_THT:CP_Radial_D6.3mm_P2.50mm</footprint>
      <datasheet>~</datasheet>
      <libsource lib="Device" part="CP1_Small" description="Polarized capacitor, small US symbol"/>
      <sheetpath names="/XL7015/" tstamps="/631E4422/"/>
      <tstamp>631C0E94</tstamp>
    </comp>
    <comp ref="C15">
      <value>33uF/100V</value>
      <footprint>Capacitor_THT:CP_Radial_D8.0mm_P2.50mm</footprint>
      <datasheet>~</datasheet>
      <libsource lib="Device" part="CP1_Small" description="Polarized capacitor, small US symbol"/>
      <sheetpath names="/XL7015/" tstamps="/631E4422/"/>
      <tstamp>631C1A44</tstamp>
    </comp>
    <comp ref="U4">
      <value>XL7015</value>
      <footprint>Package_TO_SOT_SMD:TO-252-5_TabPin3</footprint>
      <libsource lib="MPPT_1KW_ESP32-rescue" part="XL7015" description=""/>
      <sheetpath names="/XL7015/" tstamps="/631E4422/"/>
      <tstamp>631C58FF</tstamp>
    </comp>
    <comp ref="L2">
      <value>100uH/1A</value>
      <footprint>Inductor_SMD:L_Taiyo-Yuden_NR-60xx_HandSoldering</footprint>
      <datasheet>~</datasheet>
      <libsource lib="Device" part="L_Small" description="Inductor, small symbol"/>
      <sheetpath names="/XL7015/" tstamps="/631E4422/"/>
      <tstamp>631C59C5</tstamp>
    </comp>
    <comp ref="D7">
      <value>SS310</value>
      <footprint>Diode_SMD:D_2010_5025Metric_Pad1.52x2.65mm_HandSolder</footprint>
      <datasheet>~</datasheet>
      <libsource lib="Device" part="D_Schottky_Small" description="Schottky diode, small symbol"/>
      <sheetpath names="/XL7015/" tstamps="/631E4422/"/>
      <tstamp>631C59D0</tstamp>
    </comp>
    <comp ref="R18">
      <value>18k</value>
      <footprint>Resistor_SMD:R_0805_2012Metric_Pad1.20x1.40mm_HandSolder</footprint>
      <datasheet>~</datasheet>
      <libsource lib="Device" part="R_Small_US" description="Resistor, small US symbol"/>
      <sheetpath names="/XL7015/" tstamps="/631E4422/"/>
      <tstamp>631C59DA</tstamp>
    </comp>
    <comp ref="R19">
      <value>3300</value>
      <footprint>Resistor_SMD:R_0805_2012Metric_Pad1.20x1.40mm_HandSolder</footprint>
      <datasheet>~</datasheet>
      <libsource lib="Device" part="R_Small_US" description="Resistor, small US symbol"/>
      <sheetpath names="/XL7015/" tstamps="/631E4422/"/>
      <tstamp>631C59E4</tstamp>
    </comp>
    <comp ref="C16">
      <value>33nF</value>
      <footprint>Capacitor_SMD:C_0805_2012Metric_Pad1.18x1.45mm_HandSolder</footprint>
      <datasheet>~</datasheet>
      <libsource lib="Device" part="C_Small" description="Unpolarized capacitor, small symbol"/>
      <sheetpath names="/XL7015/" tstamps="/631E4422/"/>
      <tstamp>631C59EE</tstamp>
    </comp>
    <comp ref="C19">
      <value>100uF/35V</value>
      <footprint>Capacitor_THT:CP_Radial_D6.3mm_P2.50mm</footprint>
      <datasheet>~</datasheet>
      <libsource lib="Device" part="CP1_Small" description="Polarized capacitor, small US symbol"/>
      <sheetpath names="/XL7015/" tstamps="/631E4422/"/>
      <tstamp>631C59F8</tstamp>
    </comp>
    <comp ref="C14">
      <value>33uF/100V</value>
      <footprint>Capacitor_THT:CP_Radial_D8.0mm_P2.50mm</footprint>
      <datasheet>~</datasheet>
      <libsource lib="Device" part="CP1_Small" description="Polarized capacitor, small US symbol"/>
      <sheetpath names="/XL7015/" tstamps="/631E4422/"/>
      <tstamp>631C5A02</tstamp>
    </comp>
    <comp ref="C23">
      <value>100nF</value>
      <footprint>Capacitor_SMD:C_0805_2012Metric_Pad1.18x1.45mm_HandSolder</footprint>
      <datasheet>~</datasheet>
      <libsource lib="Device" part="C_Small" description="Unpolarized capacitor, small symbol"/>
      <sheetpath names="/XL7015/" tstamps="/631E4422/"/>
      <tstamp>632813C5</tstamp>
    </comp>
    <comp ref="C25">
      <value>1uF</value>
      <footprint>Capacitor_SMD:C_0805_2012Metric_Pad1.18x1.45mm_HandSolder</footprint>
      <datasheet>~</datasheet>
      <libsource lib="Device" part="C_Small" description="Unpolarized capacitor, small symbol"/>
      <sheetpath names="/XL7015/" tstamps="/631E4422/"/>
      <tstamp>6328216C</tstamp>
    </comp>
    <comp ref="C24">
      <value>1uF</value>
      <footprint>Capacitor_SMD:C_0805_2012Metric_Pad1.18x1.45mm_HandSolder</footprint>
      <datasheet>~</datasheet>
      <libsource lib="Device" part="C_Small" description="Unpolarized capacitor, small symbol"/>
      <sheetpath names="/XL7015/" tstamps="/631E4422/"/>
      <tstamp>6328A8BF</tstamp>
    </comp>
    <comp ref="C22">
      <value>100nF</value>
      <footprint>Capacitor_SMD:C_0805_2012Metric_Pad1.18x1.45mm_HandSolder</footprint>
      <datasheet>~</datasheet>
      <libsource lib="Device" part="C_Small" description="Unpolarized capacitor, small symbol"/>
      <sheetpath names="/XL7015/" tstamps="/631E4422/"/>
      <tstamp>6328B225</tstamp>
    </comp>
    <comp ref="U9">
      <value>XL7015_Module</value>
      <footprint>ESP32:Module_XL7015</footprint>
      <libsource lib="MPPT_1KW_ESP32_ggm-rescue" part="XL7015_Module-ESP32-DEVKITC-MPPT_1KW_ESP32_ggm-rescue" description=""/>
      <sheetpath names="/XL7015/" tstamps="/631E4422/"/>
      <tstamp>632D8024</tstamp>
    </comp>
    <comp ref="U6">
      <value>XL7015_Module</value>
      <footprint>ESP32:Module_XL7015</footprint>
      <libsource lib="MPPT_1KW_ESP32_ggm-rescue" part="XL7015_Module-ESP32-DEVKITC-MPPT_1KW_ESP32_ggm-rescue" description=""/>
      <sheetpath names="/XL7015/" tstamps="/631E4422/"/>
      <tstamp>632D8BBE</tstamp>
    </comp>
    <comp ref="R24">
      <value>5600</value>
      <footprint>Resistor_SMD:R_0805_2012Metric_Pad1.20x1.40mm_HandSolder</footprint>
      <datasheet>~</datasheet>
      <libsource lib="Device" part="R_Small_US" description="Resistor, small US symbol"/>
      <sheetpath names="/XL7015/" tstamps="/631E4422/"/>
      <tstamp>6333EAF1</tstamp>
    </comp>
    <comp ref="R23">
      <value>3300</value>
      <footprint>Resistor_SMD:R_0805_2012Metric_Pad1.20x1.40mm_HandSolder</footprint>
      <datasheet>~</datasheet>
      <libsource lib="Device" part="R_Small_US" description="Resistor, small US symbol"/>
      <sheetpath names="/XL7015/" tstamps="/631E4422/"/>
      <tstamp>63345513</tstamp>
    </comp>
  </components>
  <libparts>
    <libpart lib="Connector_Generic" part="Conn_01x02">
      <description>Generic connector, single row, 01x02, script generated (kicad-library-utils/schlib/autogen/connector/)</description>
      <docs>~</docs>
      <footprints>
        <fp>Connector*:*_1x??_*</fp>
      </footprints>
      <fields>
        <field name="Reference">J</field>
        <field name="Value">Conn_01x02</field>
      </fields>
      <pins>
        <pin num="1" name="Pin_1" type="passive"/>
        <pin num="2" name="Pin_2" type="passive"/>
      </pins>
    </libpart>
    <libpart lib="Connector_Generic" part="Conn_01x05">
      <description>Generic connector, single row, 01x05, script generated (kicad-library-utils/schlib/autogen/connector/)</description>
      <docs>~</docs>
      <footprints>
        <fp>Connector*:*_1x??_*</fp>
      </footprints>
      <fields>
        <field name="Reference">J</field>
        <field name="Value">Conn_01x05</field>
      </fields>
      <pins>
        <pin num="1" name="Pin_1" type="passive"/>
        <pin num="2" name="Pin_2" type="passive"/>
        <pin num="3" name="Pin_3" type="passive"/>
        <pin num="4" name="Pin_4" type="passive"/>
        <pin num="5" name="Pin_5" type="passive"/>
      </pins>
    </libpart>
    <libpart lib="Connector_Generic" part="Conn_01x08">
      <description>Generic connector, single row, 01x08, script generated (kicad-library-utils/schlib/autogen/connector/)</description>
      <docs>~</docs>
      <footprints>
        <fp>Connector*:*_1x??_*</fp>
      </footprints>
      <fields>
        <field name="Reference">J</field>
        <field name="Value">Conn_01x08</field>
      </fields>
      <pins>
        <pin num="1" name="Pin_1" type="passive"/>
        <pin num="2" name="Pin_2" type="passive"/>
        <pin num="3" name="Pin_3" type="passive"/>
        <pin num="4" name="Pin_4" type="passive"/>
        <pin num="5" name="Pin_5" type="passive"/>
        <pin num="6" name="Pin_6" type="passive"/>
        <pin num="7" name="Pin_7" type="passive"/>
        <pin num="8" name="Pin_8" type="passive"/>
      </pins>
    </libpart>
    <libpart lib="Connector_Generic" part="Conn_01x10">
      <description>Generic connector, single row, 01x10, script generated (kicad-library-utils/schlib/autogen/connector/)</description>
      <docs>~</docs>
      <footprints>
        <fp>Connector*:*_1x??_*</fp>
      </footprints>
      <fields>
        <field name="Reference">J</field>
        <field name="Value">Conn_01x10</field>
      </fields>
      <pins>
        <pin num="1" name="Pin_1" type="passive"/>
        <pin num="2" name="Pin_2" type="passive"/>
        <pin num="3" name="Pin_3" type="passive"/>
        <pin num="4" name="Pin_4" type="passive"/>
        <pin num="5" name="Pin_5" type="passive"/>
        <pin num="6" name="Pin_6" type="passive"/>
        <pin num="7" name="Pin_7" type="passive"/>
        <pin num="8" name="Pin_8" type="passive"/>
        <pin num="9" name="Pin_9" type="passive"/>
        <pin num="10" name="Pin_10" type="passive"/>
      </pins>
    </libpart>
    <libpart lib="Device" part="CP1_Small">
      <description>Polarized capacitor, small US symbol</description>
      <docs>~</docs>
      <footprints>
        <fp>CP_*</fp>
      </footprints>
      <fields>
        <field name="Reference">C</field>
        <field name="Value">CP1_Small</field>
      </fields>
      <pins>
        <pin num="1" name="~" type="passive"/>
        <pin num="2" name="~" type="passive"/>
      </pins>
    </libpart>
    <libpart lib="Device" part="C_Small">
      <description>Unpolarized capacitor, small symbol</description>
      <docs>~</docs>
      <footprints>
        <fp>C_*</fp>
      </footprints>
      <fields>
        <field name="Reference">C</field>
        <field name="Value">C_Small</field>
      </fields>
      <pins>
        <pin num="1" name="~" type="passive"/>
        <pin num="2" name="~" type="passive"/>
      </pins>
    </libpart>
    <libpart lib="Device" part="D_Schottky_Small">
      <description>Schottky diode, small symbol</description>
      <docs>~</docs>
      <footprints>
        <fp>TO-???*</fp>
        <fp>*_Diode_*</fp>
        <fp>*SingleDiode*</fp>
        <fp>D_*</fp>
      </footprints>
      <fields>
        <field name="Reference">D</field>
        <field name="Value">D_Schottky_Small</field>
      </fields>
      <pins>
        <pin num="1" name="K" type="passive"/>
        <pin num="2" name="A" type="passive"/>
      </pins>
    </libpart>
    <libpart lib="Device" part="Fuse_Small">
      <description>Fuse, small symbol</description>
      <docs>~</docs>
      <footprints>
        <fp>SM*</fp>
      </footprints>
      <fields>
        <field name="Reference">F</field>
        <field name="Value">Fuse_Small</field>
      </fields>
      <pins>
        <pin num="1" name="~" type="passive"/>
        <pin num="2" name="~" type="passive"/>
      </pins>
    </libpart>
    <libpart lib="Device" part="L">
      <description>Inductor</description>
      <docs>~</docs>
      <footprints>
        <fp>Choke_*</fp>
        <fp>*Coil*</fp>
        <fp>Inductor_*</fp>
        <fp>L_*</fp>
      </footprints>
      <fields>
        <field name="Reference">L</field>
        <field name="Value">L</field>
      </fields>
      <pins>
        <pin num="1" name="1" type="passive"/>
        <pin num="2" name="2" type="passive"/>
      </pins>
    </libpart>
    <libpart lib="Device" part="LED">
      <description>Light emitting diode</description>
      <docs>~</docs>
      <footprints>
        <fp>LED*</fp>
        <fp>LED_SMD:*</fp>
        <fp>LED_THT:*</fp>
      </footprints>
      <fields>
        <field name="Reference">D</field>
        <field name="Value">LED</field>
      </fields>
      <pins>
        <pin num="1" name="K" type="passive"/>
        <pin num="2" name="A" type="passive"/>
      </pins>
    </libpart>
    <libpart lib="Device" part="LED_Small">
      <description>Light emitting diode, small symbol</description>
      <docs>~</docs>
      <footprints>
        <fp>LED*</fp>
        <fp>LED_SMD:*</fp>
        <fp>LED_THT:*</fp>
      </footprints>
      <fields>
        <field name="Reference">D</field>
        <field name="Value">LED_Small</field>
      </fields>
      <pins>
        <pin num="1" name="K" type="passive"/>
        <pin num="2" name="A" type="passive"/>
      </pins>
    </libpart>
    <libpart lib="Device" part="L_Small">
      <description>Inductor, small symbol</description>
      <docs>~</docs>
      <footprints>
        <fp>Choke_*</fp>
        <fp>*Coil*</fp>
        <fp>Inductor_*</fp>
        <fp>L_*</fp>
      </footprints>
      <fields>
        <field name="Reference">L</field>
        <field name="Value">L_Small</field>
      </fields>
      <pins>
        <pin num="1" name="~" type="passive"/>
        <pin num="2" name="~" type="passive"/>
      </pins>
    </libpart>
    <libpart lib="Device" part="Q_NMOS_GDS">
      <description>N-MOSFET transistor, gate/drain/source</description>
      <docs>~</docs>
      <fields>
        <field name="Reference">Q</field>
        <field name="Value">Q_NMOS_GDS</field>
      </fields>
      <pins>
        <pin num="1" name="G" type="input"/>
        <pin num="2" name="D" type="passive"/>
        <pin num="3" name="S" type="passive"/>
      </pins>
    </libpart>
    <libpart lib="Device" part="Q_NMOS_GSD">
      <description>N-MOSFET transistor, gate/source/drain</description>
      <docs>~</docs>
      <fields>
        <field name="Reference">Q</field>
        <field name="Value">Q_NMOS_GSD</field>
      </fields>
      <pins>
        <pin num="1" name="G" type="input"/>
        <pin num="2" name="S" type="passive"/>
        <pin num="3" name="D" type="passive"/>
      </pins>
    </libpart>
    <libpart lib="Device" part="R_Small_US">
      <description>Resistor, small US symbol</description>
      <docs>~</docs>
      <footprints>
        <fp>R_*</fp>
      </footprints>
      <fields>
        <field name="Reference">R</field>
        <field name="Value">R_Small_US</field>
      </fields>
      <pins>
        <pin num="1" name="~" type="passive"/>
        <pin num="2" name="~" type="passive"/>
      </pins>
    </libpart>
    <libpart lib="Diode" part="1N4001">
      <aliases>
        <alias>1N4002</alias>
        <alias>1N4003</alias>
        <alias>1N4004</alias>
        <alias>1N4005</alias>
        <alias>1N4006</alias>
        <alias>1N4007</alias>
        <alias>BA157</alias>
        <alias>BA158</alias>
        <alias>BA159</alias>
      </aliases>
      <description>50V 1A General Purpose Rectifier Diode, DO-41</description>
      <docs>http://www.vishay.com/docs/88503/1n4001.pdf</docs>
      <footprints>
        <fp>D*DO?41*</fp>
      </footprints>
      <fields>
        <field name="Reference">D</field>
        <field name="Value">1N4001</field>
        <field name="Footprint">Diode_THT:D_DO-41_SOD81_P10.16mm_Horizontal</field>
      </fields>
      <pins>
        <pin num="1" name="K" type="passive"/>
        <pin num="2" name="A" type="passive"/>
      </pins>
    </libpart>
    <libpart lib="Driver_FET" part="IR2104">
      <aliases>
        <alias>IR2109</alias>
        <alias>IRS2004</alias>
        <alias>IRS2104</alias>
        <alias>IRS2109</alias>
        <alias>IR2302</alias>
      </aliases>
      <description>Half-Bridge Driver, 600V, 210/360mA, PDIP-8/SOIC-8</description>
      <docs>https://www.infineon.com/dgdl/ir2104.pdf?fileId=5546d462533600a4015355c7c1c31671</docs>
      <footprints>
        <fp>SOIC*3.9x4.9mm*P1.27mm*</fp>
        <fp>DIP*W7.62mm*</fp>
      </footprints>
      <fields>
        <field name="Reference">U</field>
        <field name="Value">IR2104</field>
      </fields>
      <pins>
        <pin num="1" name="VCC" type="power_in"/>
        <pin num="2" name="IN" type="input"/>
        <pin num="3" name="~SD" type="input"/>
        <pin num="4" name="COM" type="power_in"/>
        <pin num="5" name="LO" type="output"/>
        <pin num="6" name="VS" type="passive"/>
        <pin num="7" name="HO" type="output"/>
        <pin num="8" name="VB" type="passive"/>
      </pins>
    </libpart>
    <libpart lib="MPPT_1KW_ESP32-rescue" part="XL7015">
      <fields>
        <field name="Reference">U</field>
        <field name="Value">XL7015</field>
      </fields>
      <pins>
        <pin num="1" name="VIN" type="input"/>
        <pin num="2" name="SW" type="output"/>
        <pin num="3" name="GND" type="input"/>
        <pin num="4" name="FB" type="input"/>
        <pin num="5" name="EN" type="input"/>
      </pins>
    </libpart>
    <libpart lib="MPPT_1KW_ESP32_ggm-rescue" part="XL7015_Module-ESP32-DEVKITC-MPPT_1KW_ESP32_ggm-rescue">
      <fields>
        <field name="Reference">U</field>
        <field name="Value">XL7015_Module-ESP32-DEVKITC-MPPT_1KW_ESP32_ggm-rescue</field>
      </fields>
      <pins>
        <pin num="1" name="OUT+" type="power_out"/>
        <pin num="2" name="OUT-" type="power_out"/>
        <pin num="3" name="IN+" type="power_in"/>
        <pin num="4" name="IN-" type="power_in"/>
      </pins>
    </libpart>
    <libpart lib="MPPT_1KW_ESP32_ggmV2-rescue" part="B1212-Custom-MPPT_1KW_ESP32_ggm-rescue">
      <fields>
        <field name="Reference">U</field>
        <field name="Value">B1212-Custom-MPPT_1KW_ESP32_ggm-rescue</field>
      </fields>
      <pins>
        <pin num="1" name="GND1" type="input"/>
        <pin num="2" name="VIN" type="input"/>
        <pin num="3" name="GND2" type="input"/>
        <pin num="4" name="VOUT" type="output"/>
      </pins>
    </libpart>
    <libpart lib="MPPT_1KW_ESP32_ggmV2-rescue" part="C_Polarized_Small-Device-MPPT_1KW_ESP32_ggm-rescue">
      <footprints>
        <fp>CP_*</fp>
      </footprints>
      <fields>
        <field name="Reference">C</field>
        <field name="Value">C_Polarized_Small-Device-MPPT_1KW_ESP32_ggm-rescue</field>
      </fields>
      <pins>
        <pin num="1" name="~" type="passive"/>
        <pin num="2" name="~" type="passive"/>
      </pins>
    </libpart>
    <libpart lib="MPPT_1KW_ESP32_ggmV2-rescue" part="ESP-WROOM-32S-ESP32-DEVKITC-MPPT_1KW_ESP32_ggm-rescue">
      <fields>
        <field name="Reference">U</field>
        <field name="Value">ESP-WROOM-32S-ESP32-DEVKITC-MPPT_1KW_ESP32_ggm-rescue</field>
      </fields>
      <pins>
        <pin num="1" name="EN" type="input"/>
        <pin num="2" name="VP/D36" type="BiDi"/>
        <pin num="3" name="VN/D39" type="BiDi"/>
        <pin num="4" name="D34" type="BiDi"/>
        <pin num="5" name="D35" type="BiDi"/>
        <pin num="6" name="D32" type="BiDi"/>
        <pin num="7" name="D33" type="BiDi"/>
        <pin num="8" name="D25" type="BiDi"/>
        <pin num="9" name="D26" type="BiDi"/>
        <pin num="10" name="D27" type="BiDi"/>
        <pin num="11" name="D14" type="BiDi"/>
        <pin num="12" name="D12" type="BiDi"/>
        <pin num="13" name="D13" type="BiDi"/>
        <pin num="14" name="GND" type="power_in"/>
        <pin num="15" name="VIN" type="power_in"/>
        <pin num="16" name="3V3" type="power_out"/>
        <pin num="17" name="GND" type="power_out"/>
        <pin num="18" name="D15" type="BiDi"/>
        <pin num="19" name="D2" type="BiDi"/>
        <pin num="20" name="D4" type="BiDi"/>
        <pin num="21" name="RX2/D16" type="BiDi"/>
        <pin num="22" name="TX2/D17" type="BiDi"/>
        <pin num="23" name="D5" type="BiDi"/>
        <pin num="24" name="D18" type="BiDi"/>
        <pin num="25" name="D19" type="BiDi"/>
        <pin num="26" name="D21" type="BiDi"/>
        <pin num="27" name="RX0/D3" type="BiDi"/>
        <pin num="28" name="TX0/D1" type="BiDi"/>
        <pin num="29" name="D22" type="BiDi"/>
        <pin num="30" name="D23" type="BiDi"/>
      </pins>
    </libpart>
    <libpart lib="MPPT_1KW_ESP32_ggmV2-rescue" part="Screw_Terminal_01x04-Connector_Custom-MPPT_1KW_ESP32_ggm-rescue">
      <footprints>
        <fp>TerminalBlock*:*</fp>
      </footprints>
      <fields>
        <field name="Reference">J</field>
        <field name="Value">Screw_Terminal_01x04-Connector_Custom-MPPT_1KW_ESP32_ggm-rescue</field>
      </fields>
      <pins>
        <pin num="1" name="Pin_1" type="passive"/>
        <pin num="2" name="Pin_2" type="passive"/>
        <pin num="3" name="Pin_3" type="passive"/>
        <pin num="4" name="Pin_4" type="passive"/>
      </pins>
    </libpart>
    <libpart lib="Mechanical" part="MountingHole">
      <description>Mounting Hole without connection</description>
      <docs>~</docs>
      <footprints>
        <fp>MountingHole*</fp>
      </footprints>
      <fields>
        <field name="Reference">H</field>
        <field name="Value">MountingHole</field>
      </fields>
    </libpart>
    <libpart lib="Regulator_Linear" part="AP1117-15">
      <aliases>
        <alias>AP1117-18</alias>
        <alias>AP1117-25</alias>
        <alias>AP1117-33</alias>
        <alias>AP1117-50</alias>
        <alias>LD1117S33TR_SOT223</alias>
        <alias>LD1117S12TR_SOT223</alias>
        <alias>LD1117S18TR_SOT223</alias>
        <alias>LD1117S25TR_SOT223</alias>
        <alias>LD1117S50TR_SOT223</alias>
        <alias>NCP1117-12_SOT223</alias>
        <alias>NCP1117-1.5_SOT223</alias>
        <alias>NCP1117-1.8_SOT223</alias>
        <alias>NCP1117-2.0_SOT223</alias>
        <alias>NCP1117-2.5_SOT223</alias>
        <alias>NCP1117-2.85_SOT223</alias>
        <alias>NCP1117-3.3_SOT223</alias>
        <alias>NCP1117-5.0_SOT223</alias>
        <alias>AMS1117-1.5</alias>
        <alias>AMS1117-1.8</alias>
        <alias>AMS1117-2.5</alias>
        <alias>AMS1117-2.85</alias>
        <alias>AMS1117-3.3</alias>
        <alias>AMS1117-5.0</alias>
      </aliases>
      <description>1A Low Dropout regulator, positive, 1.5V fixed output, SOT-223</description>
      <docs>http://www.diodes.com/datasheets/AP1117.pdf</docs>
      <footprints>
        <fp>SOT?223*TabPin2*</fp>
      </footprints>
      <fields>
        <field name="Reference">U</field>
        <field name="Value">AP1117-15</field>
        <field name="Footprint">Package_TO_SOT_SMD:SOT-223-3_TabPin2</field>
      </fields>
      <pins>
        <pin num="1" name="GND" type="power_in"/>
        <pin num="2" name="VO" type="power_out"/>
        <pin num="3" name="VI" type="power_in"/>
      </pins>
    </libpart>
    <libpart lib="Sensor_Current" part="ACS712xLCTR-05B">
      <aliases>
        <alias>ACS712xLCTR-20A</alias>
        <alias>ACS712xLCTR-30A</alias>
        <alias>ACS713xLCTR-20A</alias>
        <alias>ACS713xLCTR-30A</alias>
        <alias>ACS714xLCTR-05B</alias>
        <alias>ACS714xLCTR-20A</alias>
        <alias>ACS714xLCTR-30A</alias>
        <alias>ACS714xLCTR-50A</alias>
        <alias>ACS715xLCTR-20A</alias>
        <alias>ACS715xLCTR-30A</alias>
        <alias>ACS724xLCTR-05AB</alias>
        <alias>ACS724xLCTR-10AB</alias>
        <alias>ACS724xLCTR-10AU</alias>
        <alias>ACS724xLCTR-20AB</alias>
        <alias>ACS724xLCTR-20AU</alias>
        <alias>ACS724xLCTR-30AB</alias>
        <alias>ACS724xLCTR-30AU</alias>
        <alias>ACS724xLCTR-50AB</alias>
        <alias>ACS725xLCTR-10AU</alias>
        <alias>ACS725xLCTR-20AB</alias>
        <alias>ACS725xLCTR-20AU</alias>
        <alias>ACS725xLCTR-30AB</alias>
        <alias>ACS725xLCTR-30AU</alias>
        <alias>ACS725xLCTR-40AB</alias>
        <alias>ACS725xLCTR-50AB</alias>
      </aliases>
      <description>±5A Bidirectional Hall-Effect Current Sensor, +5.0V supply, 185mV/A, SOIC-8</description>
      <docs>http://www.allegromicro.com/~/media/Files/Datasheets/ACS712-Datasheet.ashx?la=en</docs>
      <footprints>
        <fp>SOIC*3.9x4.9m*P1.27mm*</fp>
      </footprints>
      <fields>
        <field name="Reference">U</field>
        <field name="Value">ACS712xLCTR-05B</field>
        <field name="Footprint">Package_SO:SOIC-8_3.9x4.9mm_P1.27mm</field>
      </fields>
      <pins>
        <pin num="1" name="IP+" type="passive"/>
        <pin num="2" name="IP+" type="passive"/>
        <pin num="3" name="IP-" type="passive"/>
        <pin num="4" name="IP-" type="passive"/>
        <pin num="5" name="GND" type="power_in"/>
        <pin num="6" name="FILTER" type="passive"/>
        <pin num="7" name="VIOUT" type="output"/>
        <pin num="8" name="VCC" type="power_in"/>
      </pins>
    </libpart>
    <libpart lib="Transistor_FET" part="BSS138">
      <aliases>
        <alias>2N7002</alias>
        <alias>2N7002E</alias>
        <alias>2N7002H</alias>
        <alias>2N7002K</alias>
        <alias>BS170F</alias>
        <alias>BS870</alias>
        <alias>BSN20</alias>
        <alias>BSS123</alias>
        <alias>BSS127S</alias>
        <alias>DMG2302U</alias>
        <alias>DMG3402L</alias>
        <alias>DMG3404L</alias>
        <alias>DMG3406L</alias>
        <alias>DMG3414U</alias>
        <alias>DMG3418L</alias>
        <alias>DMN10H220L</alias>
        <alias>DMN10H700S</alias>
        <alias>DMN13H750S</alias>
        <alias>DMN2041L</alias>
        <alias>DMN2050L</alias>
        <alias>DMN2056U</alias>
        <alias>DMN2058U</alias>
        <alias>DMN2075U</alias>
        <alias>DMN2230U</alias>
        <alias>DMN24H11DS</alias>
        <alias>DMN24H3D5L</alias>
        <alias>DMN3042L</alias>
        <alias>DMN3051L</alias>
        <alias>DMN30H4D0L</alias>
        <alias>DMN3110S</alias>
        <alias>DMN3150L</alias>
        <alias>DMN3300U</alias>
        <alias>DMN3404L</alias>
        <alias>DMN6075S</alias>
        <alias>DMN6140L</alias>
        <alias>DMN67D7L</alias>
        <alias>DMN67D8L</alias>
        <alias>MMBF170</alias>
        <alias>VN10LF</alias>
        <alias>ZVN3306F</alias>
        <alias>ZVN3310F</alias>
        <alias>ZVN3320F</alias>
        <alias>ZVN4106F</alias>
        <alias>ZXM61N02F</alias>
        <alias>ZXM61N03F</alias>
        <alias>ZXMN10A07F</alias>
        <alias>ZXMN2A01F</alias>
        <alias>ZXMN2A14F</alias>
        <alias>ZXMN2B01F</alias>
        <alias>ZXMN2B14FH</alias>
        <alias>ZXMN2F30FH</alias>
        <alias>ZXMN2F34FH</alias>
        <alias>ZXMN3A01F</alias>
        <alias>ZXMN3A14F</alias>
        <alias>ZXMN3B01F</alias>
        <alias>ZXMN3B14F</alias>
        <alias>ZXMN3F30FH</alias>
        <alias>ZXMN6A07F</alias>
        <alias>IRLML0030</alias>
        <alias>IRLML2060</alias>
        <alias>TSM2302CX</alias>
        <alias>AO3400A</alias>
      </aliases>
      <description>50V Vds, 0.22A Id, N-Channel MOSFET, SOT-23</description>
      <docs>https://www.onsemi.com/pub/Collateral/BSS138-D.PDF</docs>
      <footprints>
        <fp>SOT?23*</fp>
      </footprints>
      <fields>
        <field name="Reference">Q</field>
        <field name="Value">BSS138</field>
        <field name="Footprint">Package_TO_SOT_SMD:SOT-23</field>
      </fields>
      <pins>
        <pin num="1" name="G" type="input"/>
        <pin num="2" name="S" type="passive"/>
        <pin num="3" name="D" type="passive"/>
      </pins>
    </libpart>
  </libparts>
  <libraries>
    <library logical="Connector_Generic">
      <uri>C:\Program Files\KiCad\share\kicad\library/Connector_Generic.lib</uri>
    </library>
    <library logical="Device">
      <uri>C:\Program Files\KiCad\share\kicad\library/Device.lib</uri>
    </library>
    <library logical="Diode">
      <uri>C:\Program Files\KiCad\share\kicad\library/Diode.lib</uri>
    </library>
    <library logical="Driver_FET">
      <uri>C:\Program Files\KiCad\share\kicad\library/Driver_FET.lib</uri>
    </library>
    <library logical="MPPT_1KW_ESP32-rescue">
      <uri>C:\Users\gmaur\Documents\KiCad Projects\MPPT_1KW_ESP32_ggmV3/MPPT_1KW_ESP32-rescue.lib</uri>
    </library>
    <library logical="MPPT_1KW_ESP32_ggm-rescue">
      <uri>C:\Users\gmaur\Documents\KiCad Projects\MPPT_1KW_ESP32_ggmV3/MPPT_1KW_ESP32_ggm-rescue.lib</uri>
    </library>
    <library logical="MPPT_1KW_ESP32_ggmV2-rescue">
      <uri>C:\Users\gmaur\Documents\KiCad Projects\MPPT_1KW_ESP32_ggmV3/MPPT_1KW_ESP32_ggmV2-rescue.lib</uri>
    </library>
    <library logical="Mechanical">
      <uri>C:\Program Files\KiCad\share\kicad\library/Mechanical.lib</uri>
    </library>
    <library logical="Regulator_Linear">
      <uri>C:\Program Files\KiCad\share\kicad\library/Regulator_Linear.lib</uri>
    </library>
    <library logical="Sensor_Current">
      <uri>C:\Program Files\KiCad\share\kicad\library/Sensor_Current.lib</uri>
    </library>
    <library logical="Transistor_FET">
      <uri>C:\Program Files\KiCad\share\kicad\library/Transistor_FET.lib</uri>
    </library>
  </libraries>
  <nets>
    <net code="1" name="GPIO23">
      <node ref="U8" pin="30"/>
      <node ref="R25" pin="2"/>
      <node ref="J2" pin="1"/>
    </net>
    <net code="2" name="GPIO19">
      <node ref="R26" pin="2"/>
      <node ref="J2" pin="2"/>
      <node ref="U8" pin="25"/>
    </net>
    <net code="3" name="GPIO18">
      <node ref="R27" pin="2"/>
      <node ref="J2" pin="3"/>
      <node ref="U8" pin="24"/>
    </net>
    <net code="4" name="GPIO17">
      <node ref="U8" pin="22"/>
      <node ref="R28" pin="2"/>
      <node ref="J2" pin="4"/>
    </net>
    <net code="5" name="SCL">
      <node ref="J5" pin="3"/>
      <node ref="U8" pin="29"/>
      <node ref="R29" pin="2"/>
      <node ref="J2" pin="5"/>
    </net>
    <net code="6" name="+3V3">
      <node ref="D6" pin="1"/>
      <node ref="C20" pin="1"/>
      <node ref="J5" pin="1"/>
      <node ref="R31" pin="1"/>
      <node ref="R38" pin="1"/>
      <node ref="R30" pin="1"/>
      <node ref="R29" pin="1"/>
      <node ref="J2" pin="7"/>
      <node ref="U8" pin="16"/>
      <node ref="J3" pin="1"/>
    </net>
    <net code="7" name="SolarPos">
      <node ref="R1" pin="1"/>
      <node ref="F1" pin="1"/>
      <node ref="J1" pin="1"/>
    </net>
    <net code="8" name="BattNeg">
      <node ref="U4" pin="5"/>
      <node ref="U4" pin="3"/>
      <node ref="D9" pin="2"/>
      <node ref="R11" pin="2"/>
      <node ref="U5" pin="3"/>
      <node ref="U5" pin="5"/>
      <node ref="C21" pin="2"/>
      <node ref="C15" pin="2"/>
      <node ref="C8" pin="2"/>
      <node ref="U6" pin="2"/>
      <node ref="U6" pin="4"/>
      <node ref="R7" pin="2"/>
      <node ref="U9" pin="4"/>
      <node ref="R23" pin="2"/>
      <node ref="U3" pin="1"/>
      <node ref="U1" pin="5"/>
      <node ref="C7" pin="2"/>
      <node ref="C11" pin="2"/>
      <node ref="Q3" pin="3"/>
      <node ref="R4" pin="2"/>
      <node ref="C20" pin="2"/>
      <node ref="C24" pin="2"/>
      <node ref="C22" pin="2"/>
      <node ref="R28" pin="1"/>
      <node ref="R27" pin="1"/>
      <node ref="R26" pin="1"/>
      <node ref="R25" pin="1"/>
      <node ref="J1" pin="4"/>
      <node ref="J1" pin="2"/>
      <node ref="J2" pin="8"/>
      <node ref="D51" pin="1"/>
      <node ref="Q5" pin="2"/>
      <node ref="C23" pin="2"/>
      <node ref="C25" pin="2"/>
      <node ref="R14" pin="2"/>
      <node ref="R24" pin="2"/>
      <node ref="C12" pin="2"/>
      <node ref="U8" pin="14"/>
      <node ref="U8" pin="17"/>
      <node ref="U9" pin="2"/>
      <node ref="R12" pin="2"/>
      <node ref="C14" pin="2"/>
      <node ref="R34" pin="2"/>
      <node ref="R15" pin="1"/>
      <node ref="C17" pin="1"/>
      <node ref="R39" pin="2"/>
      <node ref="C13" pin="2"/>
      <node ref="C19" pin="2"/>
      <node ref="R2" pin="2"/>
      <node ref="J5" pin="2"/>
      <node ref="Q4" pin="2"/>
      <node ref="C6" pin="2"/>
      <node ref="C5" pin="2"/>
      <node ref="C2" pin="2"/>
      <node ref="C9" pin="2"/>
      <node ref="J8" pin="2"/>
      <node ref="D7" pin="2"/>
      <node ref="R20" pin="2"/>
      <node ref="U7" pin="4"/>
      <node ref="C1" pin="2"/>
      <node ref="R19" pin="2"/>
      <node ref="R13" pin="2"/>
    </net>
    <net code="9" name="SDA">
      <node ref="J2" pin="6"/>
      <node ref="R30" pin="2"/>
      <node ref="J5" pin="4"/>
      <node ref="U8" pin="26"/>
    </net>
    <net code="10" name="A1">
      <node ref="C13" pin="1"/>
      <node ref="R33" pin="2"/>
      <node ref="R32" pin="2"/>
      <node ref="R34" pin="1"/>
      <node ref="J5" pin="8"/>
    </net>
    <net code="11" name="BattPos">
      <node ref="F2" pin="2"/>
      <node ref="J1" pin="3"/>
    </net>
    <net code="12" name="Net-(Q1-Pad2)">
      <node ref="Q1" pin="2"/>
      <node ref="Q2" pin="2"/>
    </net>
    <net code="13" name="GPIO34">
      <node ref="R31" pin="2"/>
      <node ref="U8" pin="4"/>
      <node ref="J5" pin="6"/>
    </net>
    <net code="14" name="A2">
      <node ref="J5" pin="9"/>
      <node ref="C9" pin="1"/>
      <node ref="R5" pin="2"/>
    </net>
    <net code="15" name="/A0">
      <node ref="R17" pin="1"/>
      <node ref="R15" pin="2"/>
      <node ref="R16" pin="1"/>
      <node ref="J5" pin="7"/>
      <node ref="C17" pin="2"/>
    </net>
    <net code="16" name="VCC">
      <node ref="D6" pin="2"/>
      <node ref="D5" pin="2"/>
      <node ref="C25" pin="1"/>
      <node ref="U9" pin="1"/>
      <node ref="C21" pin="1"/>
      <node ref="C18" pin="1"/>
      <node ref="R21" pin="1"/>
      <node ref="L3" pin="2"/>
    </net>
    <net code="17" name="+5VP">
      <node ref="D5" pin="1"/>
      <node ref="U8" pin="15"/>
    </net>
    <net code="18" name="/BatPos_Fused">
      <node ref="L1" pin="2"/>
      <node ref="F2" pin="1"/>
      <node ref="R33" pin="1"/>
      <node ref="R32" pin="1"/>
      <node ref="C8" pin="1"/>
      <node ref="D4" pin="2"/>
    </net>
    <net code="19" name="Net-(D52-Pad1)">
      <node ref="R6" pin="2"/>
      <node ref="D52" pin="1"/>
    </net>
    <net code="20" name="/Address">
      <node ref="R39" pin="1"/>
      <node ref="R38" pin="2"/>
      <node ref="J5" pin="5"/>
    </net>
    <net code="21" name="Net-(C10-Pad1)">
      <node ref="U7" pin="8"/>
      <node ref="D3" pin="1"/>
      <node ref="C10" pin="1"/>
    </net>
    <net code="22" name="Net-(C10-Pad2)">
      <node ref="Q3" pin="2"/>
      <node ref="C10" pin="2"/>
      <node ref="Q2" pin="3"/>
      <node ref="R8" pin="2"/>
      <node ref="U7" pin="6"/>
      <node ref="L1" pin="1"/>
    </net>
    <net code="23" name="A3">
      <node ref="J5" pin="10"/>
      <node ref="R2" pin="1"/>
      <node ref="R1" pin="2"/>
      <node ref="C1" pin="1"/>
    </net>
    <net code="24" name="/SolarPos_Fused">
      <node ref="D8" pin="2"/>
      <node ref="U1" pin="4"/>
      <node ref="U1" pin="3"/>
      <node ref="F1" pin="2"/>
      <node ref="C7" pin="1"/>
    </net>
    <net code="25" name="Net-(C2-Pad1)">
      <node ref="U1" pin="6"/>
      <node ref="C2" pin="1"/>
    </net>
    <net code="26" name="+VDC">
      <node ref="U4" pin="1"/>
      <node ref="U5" pin="1"/>
      <node ref="R17" pin="2"/>
      <node ref="R16" pin="2"/>
      <node ref="C15" pin="1"/>
      <node ref="C22" pin="1"/>
      <node ref="U6" pin="3"/>
      <node ref="C23" pin="1"/>
      <node ref="C14" pin="1"/>
      <node ref="D8" pin="1"/>
      <node ref="U9" pin="3"/>
      <node ref="D4" pin="1"/>
    </net>
    <net code="27" name="+5V">
      <node ref="U3" pin="2"/>
      <node ref="U1" pin="8"/>
      <node ref="C6" pin="1"/>
      <node ref="J8" pin="1"/>
    </net>
    <net code="28" name="Net-(C4-Pad1)">
      <node ref="R6" pin="1"/>
      <node ref="Q1" pin="3"/>
      <node ref="U1" pin="1"/>
      <node ref="U1" pin="2"/>
      <node ref="C4" pin="1"/>
      <node ref="R37" pin="2"/>
      <node ref="U2" pin="3"/>
    </net>
    <net code="29" name="Net-(R3-Pad1)">
      <node ref="R3" pin="1"/>
      <node ref="U1" pin="7"/>
    </net>
    <net code="30" name="Net-(R3-Pad2)">
      <node ref="R5" pin="1"/>
      <node ref="R4" pin="1"/>
      <node ref="R3" pin="2"/>
    </net>
    <net code="31" name="GPIO27">
      <node ref="Q4" pin="1"/>
      <node ref="U8" pin="10"/>
      <node ref="R7" pin="1"/>
    </net>
    <net code="32" name="Net-(C3-Pad1)">
      <node ref="C3" pin="1"/>
      <node ref="Q4" pin="3"/>
      <node ref="U2" pin="1"/>
    </net>
    <net code="33" name="+12V">
      <node ref="L2" pin="2"/>
      <node ref="R18" pin="1"/>
      <node ref="C16" pin="1"/>
      <node ref="C24" pin="1"/>
      <node ref="C19" pin="1"/>
      <node ref="U6" pin="1"/>
      <node ref="C11" pin="1"/>
      <node ref="U3" pin="3"/>
      <node ref="U7" pin="1"/>
      <node ref="U2" pin="2"/>
      <node ref="C3" pin="2"/>
      <node ref="J4" pin="1"/>
      <node ref="C5" pin="1"/>
      <node ref="D3" pin="2"/>
    </net>
    <net code="34" name="Net-(C4-Pad2)">
      <node ref="R37" pin="1"/>
      <node ref="Q1" pin="1"/>
      <node ref="U2" pin="4"/>
      <node ref="C4" pin="2"/>
      <node ref="D52" pin="2"/>
    </net>
    <net code="35" name="Net-(D2-Pad1)">
      <node ref="D2" pin="1"/>
      <node ref="R10" pin="2"/>
      <node ref="U7" pin="5"/>
    </net>
    <net code="36" name="Net-(D2-Pad2)">
      <node ref="D2" pin="2"/>
      <node ref="Q3" pin="1"/>
      <node ref="R10" pin="1"/>
      <node ref="R11" pin="1"/>
    </net>
    <net code="37" name="GPIO32">
      <node ref="R20" pin="1"/>
      <node ref="U7" pin="3"/>
      <node ref="U8" pin="6"/>
    </net>
    <net code="38" name="GPIO33">
      <node ref="R13" pin="1"/>
      <node ref="U7" pin="2"/>
      <node ref="U8" pin="7"/>
    </net>
    <net code="39" name="Net-(D1-Pad2)">
      <node ref="Q2" pin="1"/>
      <node ref="R8" pin="1"/>
      <node ref="D1" pin="2"/>
      <node ref="R9" pin="1"/>
    </net>
    <net code="40" name="Net-(D1-Pad1)">
      <node ref="R9" pin="2"/>
      <node ref="D1" pin="1"/>
      <node ref="U7" pin="7"/>
    </net>
    <net code="41" name="Net-(J4-Pad2)">
      <node ref="J4" pin="2"/>
      <node ref="Q5" pin="3"/>
    </net>
    <net code="42" name="Net-(U8-Pad2)">
      <node ref="U8" pin="2"/>
    </net>
    <net code="43" name="Net-(U8-Pad28)">
      <node ref="U8" pin="28"/>
    </net>
    <net code="44" name="Net-(U8-Pad27)">
      <node ref="U8" pin="27"/>
    </net>
    <net code="45" name="Net-(U8-Pad9)">
      <node ref="U8" pin="9"/>
    </net>
    <net code="46" name="Net-(U8-Pad11)">
      <node ref="U8" pin="11"/>
    </net>
    <net code="47" name="Net-(U8-Pad12)">
      <node ref="U8" pin="12"/>
    </net>
    <net code="48" name="Net-(U8-Pad13)">
      <node ref="U8" pin="13"/>
    </net>
    <net code="49" name="Net-(J6-Pad2)">
      <node ref="U8" pin="20"/>
      <node ref="J6" pin="2"/>
    </net>
    <net code="50" name="Net-(U8-Pad1)">
      <node ref="U8" pin="1"/>
    </net>
    <net code="51" name="Net-(J6-Pad1)">
      <node ref="J6" pin="1"/>
      <node ref="U8" pin="23"/>
    </net>
    <net code="52" name="Net-(J6-Pad3)">
      <node ref="U8" pin="18"/>
      <node ref="J6" pin="3"/>
    </net>
    <net code="53" name="TINT">
      <node ref="J6" pin="4"/>
      <node ref="U8" pin="3"/>
    </net>
    <net code="54" name="TRST">
      <node ref="U8" pin="8"/>
      <node ref="J6" pin="5"/>
    </net>
    <net code="55" name="Net-(C12-Pad1)">
      <node ref="C12" pin="1"/>
      <node ref="U8" pin="5"/>
      <node ref="R12" pin="1"/>
      <node ref="J3" pin="2"/>
    </net>
    <net code="56" name="/Sheet2/FAN">
      <node ref="U8" pin="21"/>
      <node ref="Q5" pin="1"/>
      <node ref="R14" pin="1"/>
    </net>
    <net code="57" name="Net-(R36-Pad2)">
      <node ref="R36" pin="2"/>
      <node ref="U8" pin="19"/>
    </net>
    <net code="58" name="Net-(D51-Pad2)">
      <node ref="R36" pin="1"/>
      <node ref="D51" pin="2"/>
    </net>
    <net code="59" name="Net-(R22-Pad2)">
      <node ref="R23" pin="1"/>
      <node ref="R22" pin="2"/>
    </net>
    <net code="60" name="Net-(C18-Pad2)">
      <node ref="U5" pin="4"/>
      <node ref="R21" pin="2"/>
      <node ref="R22" pin="1"/>
      <node ref="C18" pin="2"/>
    </net>
    <net code="61" name="Net-(D9-Pad1)">
      <node ref="U5" pin="2"/>
      <node ref="L3" pin="1"/>
      <node ref="D9" pin="1"/>
    </net>
    <net code="62" name="Net-(C16-Pad2)">
      <node ref="R24" pin="1"/>
      <node ref="C16" pin="2"/>
      <node ref="U4" pin="4"/>
      <node ref="R18" pin="2"/>
      <node ref="R19" pin="1"/>
    </net>
    <net code="63" name="Net-(D7-Pad1)">
      <node ref="L2" pin="1"/>
      <node ref="U4" pin="2"/>
      <node ref="D7" pin="1"/>
    </net>
  </nets>
</export>
